Id,Name
1,APHU7156476
2,BEAU2473083
3,BEAU5160837
4,BEAU5433058
5,BEAU5869400
6,BEAU6215277
7,BMOU5313720
8,BMOU5451288
9,BMOU5916913
10,BMOU6003992
11,BMOU6340020
12,BMOU6552040
13,BMOU6583020
14,BMOU6805299
15,BSIU8037934
16,BSIU9160244
17,BSIU9708180
18,BSIU9894823
19,CAAU5841956
20,CAAU6115583
21,CAIU4567870
22,CAIU4794765
23,CAIU6345995
24,CAIU6463196
25,CAIU7120490
26,CAIU7390284
27,CAIU7832241
28,CAIU8383628
29,CBHU7038268
30,CBHU8157528
31,CBHU9158405
32,CBHU9511889
33,CBHU9523215
34,CCLU7876419
35,CMAU5715721
36,CMAU6101610
37,CMAU6376767
38,CMAU6645655
39,CMAU7757650
40,CPSU6437731
41,CSLU6112021
42,CSNU6637803
43,CSNU7478711
44,CSNU7623065
45,DFSU6035522
46,DFSU6875683
47,DFSU7113682
48,DFSU7323267
49,DRYU9625347
50,EGHU8205967
51,EGHU9072175
52,EGHU9100256
53,EGHU9361054
54,EGHU9583112
55,EGHU9721926
56,EGSU9010114
57,EISU8257778
58,EISU9153736
59,EISU9294185
60,EISU9980919
61,EITU1336729
62,EITU1346732
63,EITU1374307
64,EITU1398187
65,EITU1485960
66,EITU1937020
67,EMCU9773312
68,EMCU9850569
69,FBLU0021201
70,FCIU7101219
71,FCIU8893337
72,FCIU9177580
73,FCIU9495045
74,FCIU9631922
75,FCIU9659909
76,FCIU9687536
77,FCIU9700875
78,FCIU9962638
79,FCIU9966741
80,FDCU0306372
81,FDCU0455503
82,FDCU0624265
83,FFAU1245628
84,FFAU1745578
85,FFAU2113441
86,FFAU2118340
87,FFAU2619281
88,FFAU2626212
89,FFAU3022290
90,FFAU3293570
91,FFAU3508960
92,FSCU8641524
93,FSCU8945949
94,FSCU9864944
95,GAOU6552707
96,GCXU2286072
97,GCXU5021987
98,GESU5787104
99,HDMU6757689
100,HDMU6780009
101,HMMU6456030
102,IMTU9095770
103,INKU6685300
104,INKU6742523
105,JZPU8016465
106,KOCU4036137
107,KOCU4128341
108,KOCU4489576
109,KOCU5071560
110,KOCU5071699
111,KOCU5072870
112,KOCU5190830
113,MAGU5201070
114,MATU2705382
115,MEDU4659811
116,MEDU4763451
117,MEDU7611616
118,MEDU7796736
119,MEDU7871470
120,MRKU3721299
121,MSCU7519680
122,MSDU7234042
123,MSDU7567980
124,MSDU7843814
125,MSDU7889245
126,MSDU8021381
127,MSDU8059432
128,MSDU8150970
129,MSDU8275956
130,MSMU5125080
131,MSMU5431060
132,MSMU7245573
133,MSMU7324332
134,MSMU7499011
135,MSMU7591350
136,MSMU7595714
137,MSMU8186731
138,MSMU8833503
139,MTSU9602903
140,NYKU3220564
141,NYKU4134310
142,NYKU4414970
143,NYKU5122206
144,NYKU5152480
145,NYKU5219855
146,NYKU5913212
147,NYKU9830374
148,OOCU6406322
149,OOCU7182187
150,OOCU7868114
151,OOCU7885934
152,OOCU8088283
153,OOLU6870290
154,OOLU8514678
155,OOLU9346769
156,SEGU4043186
157,SEGU5846500
158,SEGU6235085
159,SEKU4053450
160,SEKU4354958
161,SMCU1013596
162,SMCU2000130
163,SMCU2029431
164,TCKU1364501
165,TCKU3755676
166,TCKU6105972
167,TCLU3853216
168,TCLU6690405
169,TCLU7912338
170,TCLU7933243
171,TCLU9514333
172,TCLU9738082
173,TCLU9884127
174,TCNU1357045
175,TCNU2124650
176,TCNU2773469
177,TCNU3386504
178,TCNU3743936
179,TCNU4387228
180,TCNU4804419
181,TCNU4977610
182,TCNU5347934
183,TCNU5639094
184,TCNU6277071
185,TCNU7079867
186,TCNU9389727
187,TCNU9715510
188,TEMU6751600
189,TEMU6891639
190,TEMU7364859
191,TEMU7993722
192,TEMU8383447
193,TEMU8883144
194,TEMU8926550
195,TGBU4100997
196,TGBU4386561
197,TGBU4705289
198,TGBU4964490
199,TGBU5666905
200,TGBU5670952
201,TGBU6230808
202,TGBU6259376
203,TGBU6284065
204,TGBU6436635
205,TGBU7700423
206,TGBU8874986
207,TGBU9239748
208,TGHU6762926
209,TGHU8607467
210,TGHU9649410
211,TGHU9731873
212,TGHU9749255
213,TLLU4021034
214,TLLU4025739
215,TLLU4041658
216,TLLU4438753
217,TLLU5163250
218,TLLU5502409
219,TRHU5254898
220,TRHU5450294
221,TRHU5812562
222,TRHU6220948
223,TRHU6231222
224,TRHU6583938
225,TRHU7389296
226,TRHU7631861
227,TRHU7833883
228,TRLU7135643
229,TRLU7190194
230,TRLU7584670
231,TRLU9132031
232,TXGU5337630
233,TXGU5343870
234,WBPU7036890
235,WHLU5502044
236,WHLU5507149
237,WHLU5566291
238,WHLU5757282
239,WHSU5449259
240,WHSU5510410
241,WHSU5576612
242,WHSU5960823
243,YMLU3399686
244,YMLU8528364
245,YMMU6051358
246,ZCSU7657548
247,ZCSU7673493
248,ZCSU8892650
249,ZCSU8990872
